690__a,691__a,692__a,336__a,Community,Collection
,"Advocates' Forum, 2002",,,Advocates' Forum,Advocates' Forum 2002
,"Advocates' Forum, 2003",,,Advocates' Forum,Advocates' Forum 2003
,"Advocates' Forum, 2004",,,Advocates' Forum,Advocates' Forum 2004
,"Advocates' Forum, 2005",,,Advocates' Forum,Advocates' Forum 2005
,"Advocates' Forum, 2006",,,Advocates' Forum,Advocates' Forum 2006
,"Advocates' Forum, 2007",,,Advocates' Forum,Advocates' Forum 2007
,"Advocates' Forum, 2008",,,Advocates' Forum,Advocates' Forum 2008
,"Advocates' Forum, 2009",,,Advocates' Forum,Advocates' Forum 2009
,"Advocates' Forum, 2010",,,Advocates' Forum,Advocates' Forum 2010
,"Advocates' Forum, 2011",,,Advocates' Forum,Advocates' Forum 2011
,"Advocates' Forum, 2012",,,Advocates' Forum,Advocates' Forum 2012
,"Advocates' Forum, 2013",,,Advocates' Forum,Advocates' Forum 2013
,"Advocates' Forum, 2014",,,Advocates' Forum,Advocates' Forum 2014
,"Advocates' Forum, 2015",,,Advocates' Forum,Advocates' Forum 2015
,"Advocates' Forum, 2016",,,Advocates' Forum,Advocates' Forum 2016
,"Advocates' Forum, 2017",,,Advocates' Forum,Advocates' Forum 2017
,"Advocates' Forum, 2018",,,Advocates' Forum,Advocates' Forum 2018
,"Advocates' Forum, 2019",,,Advocates' Forum,Advocates' Forum 2019
,"Advocates' Forum, 2020",,,Advocates' Forum,Advocates' Forum 2020
,"Advocates' Forum, 2021",,,Advocates' Forum,Advocates' Forum 2021
,"Advocates' Forum, 2022",,,Advocates' Forum,Advocates' Forum 2022
,"Advocates' Forum, 2023",,,Advocates' Forum,Advocates' Forum 2023
,Art History,,,Arts & Humanities Division,Art History
,Art History Research Publications,,,Arts & Humanities Division,Art History
,Art History Theses,,,Arts & Humanities Division,Art History
,Cinema and Media Studies,,,Arts & Humanities Division,Cinema and Media Studies
,Classics,,,Arts & Humanities Division,Classics
,Comparative Literature,,,Arts & Humanities Division,Comparative Literature
,East Asian Languages and Civilizations,,,Arts & Humanities Division,East Asian Languages and Civilizations
,English Language and Literature,,,Arts & Humanities Division,English Language and Literature
,Germanic Studies Comics,,,Arts & Humanities Division,Germanic Studies
,Germanic Studies Research Publications,,,Arts & Humanities Division,Germanic Studies
,Germanic Studies Theses,,,Arts & Humanities Division,Germanic Studies
,Linguistics,,,Arts & Humanities Division,Linguistics
,"Master of Arts in Digital Studies of Language, Culture, and History",,,Arts & Humanities Division,"Master of Arts in Digital Studies of Language, Culture, and History"
,Master of Arts Program in the Humanities,,,Arts & Humanities Division,Master of Arts Program in the Humanities
,Middle Eastern Studies,,,Arts & Humanities Division,Middle Eastern Studies
,Music,,,Arts & Humanities Division,Music
,Near Eastern Languages and Civilizations,,,Arts & Humanities Division,Near Eastern Languages and Civilizations
,New Testament and Early Christian Literature,,,Arts & Humanities Division,New Testament and Early Christian Literature
,Philosophy,,,Arts & Humanities Division,Philosophy
,Romance Languages and Literatures,,,Arts & Humanities Division,Romance Languages and Literatures
,Slavic Languages and Literatures,,,Arts & Humanities Division,Slavic Languages and Literatures
,South Asian Languages and Civilizations,,,Arts & Humanities Division,South Asian Languages and Civilizations
,Southern Asian Studies,,,Arts & Humanities Division,Southern Asian Studies
,Theater and Performance Studies,,,Arts & Humanities Division,Theater and Performance Studies
,Visual Arts,,,Arts & Humanities Division,Visual Arts
,Anesthesia and Critical Care,,,Biological Sciences Division,Anesthesia and Critical Care
,Astronomy and Astrophysics,,,Biological Sciences Division,Astronomy and Astrophysics
,Ben May Department for Cancer Research,,,Biological Sciences Division,Ben May Department for Cancer Research
,Biochemistry and Molecular Biology,,,Biological Sciences Division,Biochemistry and Molecular Biology
,Biochemistry and Molecular Biophysics,,,Biological Sciences Division,Biochemistry and Molecular Biophysics
,Biology,,,Biological Sciences Division,Biology
,Biophysical Sciences,,,Biological Sciences Division,Biophysical Sciences
,Cancer Biology,,,Biological Sciences Division,Cancer Biology
,Cell and Molecular Biology,,,Biological Sciences Division,Cell and Molecular Biology
,Clinical Pharmacology and Pharmacogenomics,,,Biological Sciences Division,Clinical Pharmacology and Pharmacogenomics
,Computational Neuroscience,,,Biological Sciences Division,Computational Neuroscience
,"Development, Regeneration, and Stem Cell Biology",,,Biological Sciences Division,"Development, Regeneration, and Stem Cell"
,Developmental Biology,,,Biological Sciences Division,Developmental Biology
,Ecology and Evolution,,,Biological Sciences Division,Ecology and Evolution
,Evolutionary Biology,,,Biological Sciences Division,Evolutionary Biology
,Family Medicine,,,Biological Sciences Division,Family Medicine
,Genetics,,,Biological Sciences Division,Human Genetics
,"Genetics, Genomics, and Systems Biology",,,Biological Sciences Division,"Genetics, Genomics, and Systems Biology"
,Human Genetics,,,Biological Sciences Division,Human Genetics
,Immunology,,,Biological Sciences Division,Immunology
,Integrative Biology,,,Biological Sciences Division,Integrative Biology
,Interdisciplinary Scientist Training Program,,,Biological Sciences Division,Interdisciplinary Scientist Training Program
,Medical Physics,,,Biological Sciences Division,Medical Physics
,Medicine,,,Biological Sciences Division,Medicine
,Microbiology,,,Biological Sciences Division,Microbiology
,Molecular Genetics and Cell Biology,,,Biological Sciences Division,Molecular Genetics and Cell Biology
,Molecular Metabolism and Nutrition,,,Biological Sciences Division,Molecular Metabolism and Nutrition
,Neurobiology,,,Biological Sciences Division,Neurobiology
,Neurological Surgery,,,Biological Sciences Division,Neurological Surgery
,Neurology,,,Biological Sciences Division,Neurology
,Obstetrics and Gynecology,,,Biological Sciences Division,Obstetrics and Gynecology
,Ophthalmology and Visual Science,,,Biological Sciences Division,Ophthalmology and Visual Science
,Organismal Biology and Anatomy,,,Biological Sciences Division,Organismal Biology and Anatomy
,Orthopaedic Surgery and Rehabilitation Medicine,,,Biological Sciences Division,Orthopaedic Surgery and Rehabilitation Medicine
,Pathology,,,Biological Sciences Division,Pathology
,Pediatrics,,,Biological Sciences Division,Pediatrics
,Pharmacological and Physiological Sciences,,,Biological Sciences Division,Pharmacological and Physiological Sciences
,Psychiatry and Behavioral Neuroscience,,,Biological Sciences Division,Psychiatry and Behavioral Neuroscience
,Public Health Sciences,,,Biological Sciences Division,Public Health Sciences
,Radiation and Cellular Oncology,,,Biological Sciences Division,Radiation and Cellular Oncology
,Radiology,,,Biological Sciences Division,Radiology
,Surgery,,,Biological Sciences Division,Surgery
,Accounting,,,Booth School of Business,Accounting
,Behavioral Science,,,Booth School of Business,Behavioral Science
,Econometrics and Statistics,,,Booth School of Business,Econometrics and Statistics
,Entrepreneurship,,,Booth School of Business,Entrepreneurship
,Finance,,,Booth School of Business,Finance
,Macroeconomics,,,Booth School of Business,Macroeconomics
,Marketing,,,Booth School of Business,Marketing
,Microeconomics,,,Booth School of Business,Microeconomics
,Operations Management,,,Booth School of Business,Operations Management
,Organizations and Markets,,,Booth School of Business,Organizations and Markets
,Strategy and Leadership,,,Booth School of Business,Strategy and Leadership
Booth School of Business,,,,Booth School of Business,
,Center for EPR Imaging In Vivo Physiology,,,Centers and Institutes,Center for EPR Imaging In Vivo Physiology
,Comprehensive Cancer Center,,,Centers and Institutes,The University of Chicago Medicine Comprehensive Cancer Center
,Computation Institute,,,Centers and Institutes,Computation Institute
,Enrico Fermi Institute,,,Centers and Institutes,Enrico Fermi Institute
,Kadanoff Center for Theoretical Physics,,,Centers and Institutes,Kadanoff Center for Theoretical Physics
,,Becker Friedman Institute for Economics,,Centers and Institutes,Becker Friedman Institute for Economics
,,Campus and Student Life,,Centers and Institutes,Campus and Student Life
,,Cellular Screening Center,,Centers and Institutes,Cellular Screening Center
,,Center for Advanced Radiation Sources,,Centers and Institutes,Center for Advanced Radiation Sources
,,Center for Applied Artificial Intelligence,,Centers and Institutes,Center for Applied Artificial Intelligence
,,Center for Biomedical Informatics,,Centers and Institutes,Center for Biomedical Informatics
,,Center for Chronic Disease Research and Policy,,Centers and Institutes,Center for Chronic Disease Research and Policy
,,Center for Clinical Cancer Genetics and Global Health,,Centers and Institutes,Center for Clinical Cancer Genetics and Global Health
,,Center for Cognitive and Social Neuroscience,,Centers and Institutes,Center for Cognitive and Social Neuroscience
,,Center for EPR Imaging In Vivo Physiology,,Centers and Institutes,Center for EPR Imaging In Vivo Physiology
,,"Center for Gesture, Sign, and Language",,Centers and Institutes,"Center for Gesture, Sign, and Language"
,,Center for Global Health,,Centers and Institutes,Center for Global Health
,,Center for Health Administration Studies,,Centers and Institutes,Center for Health Administration Studies
,,Center for Health and the Social Sciences,,Centers and Institutes,Center for Health and the Social Sciences
,,Center for Health Statistics,,Centers and Institutes,Center for Health Statistics
,,Center for Human Potential and Public Policy,,Centers and Institutes,Center for Human Potential and Public Policy
,,Center for Human Rights,,Centers and Institutes,Center for Human Rights
,,Center for Interdisciplinary Inquiry and Innovation in Sexual and Reproductive Health,,Centers and Institutes,Center for Interdisciplinary Inquiry and Innovation in Sexual and Reproductive Health
,,Center for Latin American Studies,,Centers and Institutes,Center for Latin American Studies
,,Center for Mechanical Excitability,,Centers and Institutes,Center for Mechanical Excitability
,,Center for Personalized Therapeutics,,Centers and Institutes,Center for Personalized Therapeutics
,,Center for Research Informatics,,Centers and Institutes,Center for Research Informatics
,,Center for Robust Decision Making on Climate and Energy Policy,,Centers and Institutes,Center for Robust Decision Making on Climate and Energy Policy
,,Center for Spatial Data Science,,Centers and Institutes,Center for Spatial Data Science
,,Center for Systems Biology of Oxygen Sensing,,Centers and Institutes,Center for Systems Biology of Oxygen Sensing
,,Center for the Economics of Human Development,,Centers and Institutes,Center for the Economics of Human Development
,,Center for the Physics of Evolving Systems,,Centers and Institutes,Center for the Physics of Evolving Systems
,,Center for the Study of Communication and Society,,Centers and Institutes,Center for the Study of Communication and Society
,,Center for the Study of Gender and Sexuality,,Centers and Institutes,Center for the Study of Gender and Sexuality
,,"Center for the Study of Race, Politics and Culture",,Centers and Institutes,"Center for the Study of Race, Politics and Culture"
,,Center for Translational Data Science,,Centers and Institutes,Center for Translational Data Science
,,Chicago Center for Cosmochemistry,,Centers and Institutes,Chicago Center for Cosmochemistry
,,Chicago Center for Diabetes Translation Research,,Centers and Institutes,Chicago Center for Diabetes Translation Research
,,Chicago Center for HIV Elimination,,Centers and Institutes,Chicago Center for HIV Elimination
,,Chicago Center for Teaching and Learning,,Centers and Institutes,Chicago Center for Teaching and Learning
,,Chicago Center for Theoretical Chemistry,,Centers and Institutes,Chicago Center for Theoretical Chemistry
,,Chicago Tri-Institutional Center for Chemical Methods and Library Development,,Centers and Institutes,Chicago Tri-Institutional Center for Chemical Methods and Library Development
,,Comprehensive Cancer Center,,Centers and Institutes,Comprehensive Cancer Center
,,Computation Institute,,Centers and Institutes,Computation Institute
,,Computational Institute,,Centers and Institutes,Computational Institute
,,Crime Lab,,Centers and Institutes,Crime Lab
,,Cultural Policy Center,,Centers and Institutes,Cultural Policy Center
,,Data Science Institute,,Centers and Institutes,Data Science Institute
,,Duchossois Family Institute,,Centers and Institutes,Duchossois Family Institute
,,Education Lab,,Centers and Institutes,Education Lab
,,Energy and Environment Lab,,Centers and Institutes,Energy and Environment Lab
,,Energy Policy Institute at Chicago,,Centers and Institutes,Energy Policy Institute at Chicago
,,Enrico Fermi Institute,,Centers and Institutes,Enrico Fermi Institute
,,Gray Center for Arts and Inquiry,,Centers and Institutes,Gray Center for Arts and Inquiry
,,Grossman Center for Quantitative Biology and Human Behavior,,Centers and Institutes,Grossman Center for Quantitative Biology and Human Behavior
,,GSECARS,,Centers and Institutes,GSECARS
,,Gwen Knapp Center for Lupus and Immunology Research,,Centers and Institutes,Gwen Knapp Center for Lupus and Immunology Research
,,Health Lab,,Centers and Institutes,Health Lab
,,Healthy Aging & Alzheimer's Research Care Center,,Centers and Institutes,Healthy Aging & Alzheimer's Research Care Center
,,Inclusive Economy Lab,,Centers and Institutes,Inclusive Economy Lab
,,Institute for Biophysical Dynamics,,Centers and Institutes,Institute for Biophysical Dynamics
,,Institute for Genomics and Systems Biology,,Centers and Institutes,Institute for Genomics and Systems Biology
,,Institute for Integrative Physiology,,Centers and Institutes,Institute for Integrative Physiology
,,Institute for Mind and Biology,,Centers and Institutes,Institute for Mind and Biology
,,Institute for Molecular Engineering,,Centers and Institutes,Institute for Molecular Engineering
,,Institute for Population and Precision Health,,Centers and Institutes,Institute for Population and Precision Health
,,Institute for the Formation of Knowledge,,Centers and Institutes,Institute for the Formation of Knowledge
,,Institute for the Study of Ancient Cultures,,Centers and Institutes,Institute for the Study of Ancient Cultures
,,Institute of Genomics and Systems Biology,,Centers and Institutes,Institute of Genomics and Systems Biology
,,J. Terry Ernest Imaging Center,,Centers and Institutes,J. Terry Ernest Imaging Center
,,James Franck Institute,,Centers and Institutes,James Franck Institute
,,Kavli Institute for Cosmological Physics,,Centers and Institutes,Kavli Institute for Cosmological Physics
,,Kennedy Research Center on Intellectual and Developmental Disabilities,,Centers and Institutes,Kennedy Research Center on Intellectual and Developmental Disabilities
,,Knowledge Lab,,Centers and Institutes,Knowledge Lab
,,Leinweber Institute for Theoretical Physics,,Centers and Institutes,Leinweber Institute for Theoretical Physics
,,Ludwig Center for Metastasis Research,,Centers and Institutes,Ludwig Center for Metastasis Research
,,MacLean Center for Clinical Medical Ethics,,Centers and Institutes,MacLean Center for Clinical Medical Ethics
,,Mansueto Institute for Urban Innovation,,Centers and Institutes,Mansueto Institute for Urban Innovation
,,Marine Biological Laboratory,,Centers and Institutes,Marine Biological Laboratory
,,Martin Marty Center for the Public of Understanding of Religion,,Centers and Institutes,Martin Marty Center for the Public of Understanding of Religion
,,Neuroscience Institute,,Centers and Institutes,Neuroscience Institute
,,Paulson Institute,,Centers and Institutes,Paulson Institute
,,Pearson Institute,,Centers and Institutes,Pearson Institute
,,Sanford J. Grossman Center of Excellence in Prostate Imaging and Image Guided Therapy,,Centers and Institutes,Sanford J. Grossman Center of Excellence in Prostate Imaging and Image Guided Therapy
,,Southern Asia at Chicago Collections,,Centers and Institutes,Southern Asia at Chicago Collections
,,Stone Center for Research on Wealth Inequality and Mobility,,Centers and Institutes,Stone Center for Research on Wealth Inequality and Mobility
,,Tang Center for Herbal Medicine Research,,Centers and Institutes,Tang Center for Herbal Medicine Research
,,TMW Center for Early Learning + Public Health,,Centers and Institutes,TMW Center for Early Learning + Public Health
,,UChicago STEM Education,,Centers and Institutes,UChicago STEM Education
,,Urban Education Institute,,Centers and Institutes,Urban Education Institute
,,Urban Labs,,Centers and Institutes,Urban Labs
,,Urban Theory Lab,,Centers and Institutes,Urban Theory Lab
,Chicago Studies,,,Chicago Studies,
,Chicago Studies Theses,,,Chicago Studies,Chicago Studies Theses
,,Chicago Studies,,Chicago Studies,
,Chicago Studies 2008,,,Chicago Studies Annual,Chicago Studies 2008
,Chicago Studies 2009,,,Chicago Studies Annual,Chicago Studies 2009
,Chicago Studies 2010,,,Chicago Studies Annual,Chicago Studies 2010
,Chicago Studies 2011,,,Chicago Studies Annual,Chicago Studies 2011
,Chicago Studies 2012,,,Chicago Studies Annual,Chicago Studies 2012
,Chicago Studies 2013,,,Chicago Studies Annual,Chicago Studies 2013
,Chicago Studies 2014-15,,,Chicago Studies Annual,Chicago Studies 2014-15
,Chicago Studies 2016-17,,,Chicago Studies Annual,Chicago Studies 2016-17
,Chicago Studies 2018,,,Chicago Studies Annual,Chicago Studies 2018
,Chicago Studies 2019,,,Chicago Studies Annual,Chicago Studies 2019
,Chicago Studies 2020,,,Chicago Studies Annual,Chicago Studies 2020
,Chicago Studies 2022-23,,,Chicago Studies Annual,Chicago Studies 2022-23
,Committee on International Relations (CIR),,Thesis,Committee on International Relations MA Theses,
,"Crown Family School of Social Work, Policy, and Practice Datasets",,,"Crown Family School of Social Work, Policy, and Practice",
,"Crown Family School of Social Work, Policy, and Practice Research Publications",,,"Crown Family School of Social Work, Policy, and Practice",
"Crown Family School of Social Work, Policy, and Practice",,,,"Crown Family School of Social Work, Policy, and Practice",
School of Social Service Administration,,,,"Crown Family School of Social Work, Policy, and Practice",
,Divinity School Research Publications,,,Divinity School,
,Divinity School Theses,,,Divinity School,
Divinity School,,,,Divinity School,
,,Energy Transitions Oral Histories,,Energy Transitions Oral Histories,
,,Centers for Disease Control and Prevention,,Federal Government Datasets,Centers for Disease Control and Prevention
,,Environmental Protection Agency,,Federal Government Datasets,Environmental Protection Agency
,,Health Resources and Services Administration,,Federal Government Datasets,Health Resources and Services Administration
,,Mental Health Services Administration,,Federal Government Datasets,Mental Health Services Administration
,,National Center for Education Statistics,,Federal Government Datasets,National Center for Education Statistics
,,National Institute of Standards and Technology,,Federal Government Datasets,National Institute of Standards and Technology
,,United States Department of Agriculture,,Federal Government Datasets,United States Department of Agriculture
,Gaming Islam,,,Gaming Islam,
Graham School of Continuing Liberal and Professional Studies,,,,Graham School of Continuing Liberal and Professional Studies,
,Harris School of Public Policy Studies Research Publications,,,Harris School of Public Policy Studies,
,Harris School of Public Policy Studies Theses,,,Harris School of Public Policy Studies,
,Public Policy Research Publications,,,Harris School of Public Policy Studies,
,Public Policy Studies Research Publications,,,Harris School of Public Policy Studies,
Harris School of Public Policy Studies,,,,Harris School of Public Policy Studies,
,"2009 Journal of the Chicago Colloquium on Digital Humanities and Computer Science Vol. 1, No. 1",,,Journal of the Chicago Colloquium on Digital Humanities and Computer Science,"2009 Journal of the Chicago Colloquium on Digital Humanities and Computer Science Vol. 1, No. 1"
,"2010 Journal of the Chicago Colloquium on Digital Humanities and Computer Science Vol. 1, No. 2",,,Journal of the Chicago Colloquium on Digital Humanities and Computer Science,"2010 Journal of the Chicago Colloquium on Digital Humanities and Computer Science Vol. 1, No. 2"
,"2011 Journal of the Chicago Colloquium on Digital Humanities and Computer Science Vol. 1, No. 3",,,Journal of the Chicago Colloquium on Digital Humanities and Computer Science,"2011 Journal of the Chicago Colloquium on Digital Humanities and Computer Science Vol. 1, No. 3"
Laboratory Schools,,,,Laboratory Schools,
Law School,,,,Law School,
,Image of Research Competition,,,Library,Image of Research Competition
,In Honor of Sandra Levy,,,Library,In Honor of Sandra Levy
,John Crerar Foundation Science Writing Prize for College Students,,,Library,John Crerar Foundation Science Writing Prize for College Students
,Library Publications and Presentations,,,Library,
,Undergraduate Research Symposium,,,Library,Undergraduate Research Symposium
Library,,,,Library,
,MA Program in the Social Sciences (MAPSS),,,MA Program in the Social Sciences (MAPSS) Theses,
,"Mamlūk Studies Review, Vol. I (1997)",,,Mamlūk Studies Review,"Mamlūk Studies Review, Vol. 1 (1997)"
,"Mamlūk Studies Review, Vol. II (1998)",,,Mamlūk Studies Review,"Mamlūk Studies Review, Vol. 2 (1998)"
,"Mamlūk Studies Review, Vol. III (1999)",,,Mamlūk Studies Review,"Mamlūk Studies Review, Vol. 3 (1999)"
,"Mamlūk Studies Review, Vol. IV (2000)",,,Mamlūk Studies Review,"Mamlūk Studies Review, Vol. 4 (2000)"
,"Mamlūk Studies Review, Vol. IX, No. 1 (2005)",,,Mamlūk Studies Review,"Mamlūk Studies Review, Vol. 9, No. 1 (2005)"
,"Mamlūk Studies Review, Vol. IX, No. 2 (2005)",,,Mamlūk Studies Review,"Mamlūk Studies Review, Vol. 9, No. 2 (2005)"
,"Mamlūk Studies Review, Vol. V (2001)",,,Mamlūk Studies Review,"Mamlūk Studies Review, Vol. 5 (2001)"
,"Mamlūk Studies Review, Vol. VI (2002)",,,Mamlūk Studies Review,"Mamlūk Studies Review, Vol. 6 (2002)"
,"Mamlūk Studies Review, Vol. VII, No. 1 (2003)",,,Mamlūk Studies Review,"Mamlūk Studies Review, Vol. 7, No. 1 (2003)"
,"Mamlūk Studies Review, Vol. VII, No. 2 (2003)",,,Mamlūk Studies Review,"Mamlūk Studies Review, Vol. 7, No. 2 (2003)"
,"Mamlūk Studies Review, Vol. VIII, No. 1 (2004)",,,Mamlūk Studies Review,"Mamlūk Studies Review, Vol. 8, No. 1 (2004)"
,"Mamlūk Studies Review, Vol. VIII, No. 2 (2004)",,,Mamlūk Studies Review,"Mamlūk Studies Review, Vol. 8, No. 2 (2004)"
,"Mamlūk Studies Review, Vol. X, No. 1 (2006)",,,Mamlūk Studies Review,"Mamlūk Studies Review, Vol. 10, No. 1 (2006)"
,"Mamlūk Studies Review, Vol. X, No. 2 (2006)",,,Mamlūk Studies Review,"Mamlūk Studies Review, Vol. 10, No. 2 (2006)"
,"Mamlūk Studies Review, Vol. XI, No. 1 (2007)",,,Mamlūk Studies Review,"Mamlūk Studies Review, Vol. 11, No. 1 (2007)"
,"Mamlūk Studies Review, Vol. XI, No. 2 (2007)",,,Mamlūk Studies Review,"Mamlūk Studies Review, Vol. 11, No. 2 (2007)"
,"Mamlūk Studies Review, Vol. XII, No. 1 (2008)",,,Mamlūk Studies Review,"Mamlūk Studies Review, Vol. 12, No. 1 (2008)"
,"Mamlūk Studies Review, Vol. XII, No. 2 (2008)",,,Mamlūk Studies Review,"Mamlūk Studies Review, Vol. 12, No. 2 (2008)"
,"Mamlūk Studies Review, Vol. XIII, No. 1 (2009)",,,Mamlūk Studies Review,"Mamlūk Studies Review, Vol. 13, No. 1 (2009)"
,"Mamlūk Studies Review, Vol. XIII, No. 2 (2009)",,,Mamlūk Studies Review,"Mamlūk Studies Review, Vol. 13, No. 2 (2009)"
,"Mamlūk Studies Review, Vol. XIV (2010)",,,Mamlūk Studies Review,"Mamlūk Studies Review, Vol. 14 (2010)"
,"Mamlūk Studies Review, Vol. XIX (2016)",,,Mamlūk Studies Review,"Mamlūk Studies Review, Vol. 19 (2016)"
,"Mamlūk Studies Review, Vol. XV (2011)",,,Mamlūk Studies Review,"Mamlūk Studies Review, Vol. 15 (2011)"
,"Mamlūk Studies Review, Vol. XVI (2012)",,,Mamlūk Studies Review,"Mamlūk Studies Review, Vol. 16 (2012)"
,"Mamlūk Studies Review, Vol. XVII (2013)",,,Mamlūk Studies Review,"Mamlūk Studies Review, Vol. 17 (2013)"
,"Mamlūk Studies Review, Vol. XVIII (2014–15)",,,Mamlūk Studies Review,"Mamlūk Studies Review, Vol. 18 (2014–15)"
,"Mamlūk Studies Review, Vol. XX (2017)",,,Mamlūk Studies Review,"Mamlūk Studies Review, Vol. 20 (2017)"
,"Mamlūk Studies Review, Vol. XXI (2018)",,,Mamlūk Studies Review,"Mamlūk Studies Review, Vol. 21 (2018)"
,"Mamlūk Studies Review, Vol. XXII (2019)",,,Mamlūk Studies Review,"Mamlūk Studies Review, Vol. 22 (2019)"
,"Mamlūk Studies Review, Vol. XXIII (2020)",,,Mamlūk Studies Review,"Mamlūk Studies Review, Vol. 23 (2020)"
,"Mamlūk Studies Review, Vol. XXIV (2021)",,,Mamlūk Studies Review,"Mamlūk Studies Review, Vol. 24 (2021)"
,"Mamlūk Studies Review, Vol. XXV (2022)",,,Mamlūk Studies Review,"Mamlūk Studies Review, Vol. 25 (2022)"
,"Mamlūk Studies Review, Vol. XXVI (2023)",,,Mamlūk Studies Review,"Mamlūk Studies Review, Vol. 26 (2023)"
,"Mamlūk Studies Review, Vol. XXVII (2024)",,,Mamlūk Studies Review,"Mamlūk Studies Review, Vol. 27 (2024)"
,Computational Social Sciences (MACSS),,,Masters in Computational Social Science (MACSS) Theses,
,Migration Stories Chapbook Series,,,Migration Stories Chapbook Series,
,Debating Religion,,,NESAR,Debating Religion
,Chemistry,,,Physical Sciences Division,Chemistry
,Computational and Applied Mathematics,,,Physical Sciences Division,Computational and Applied Mathematics
,Computer Science,,,Physical Sciences Division,Computer Science
,Geophysical Sciences,,,Physical Sciences Division,Geophysical Sciences
,Mathematics,,,Physical Sciences Division,Mathematics
,Physics,,,Physical Sciences Division,Physics
,Statistics,,,Physical Sciences Division,Statistics
Pritzker School of Medicine,,,,Pritzker School of Medicine,
Pritzker School of Molecular Engineering,,,,Pritzker School of Molecular Engineering,
,Public Policy Projects,,,Public Policy,Public Policy Projects
,Public Policy Theses,,,Public Policy,Public Policy Theses
,Animation,,,Semiotic Review,Animation
,Blank Faces,,,Semiotic Review,Blank Faces
,Dialogues between Continental Semiotics and Linguistic Anthropology,,,Semiotic Review,Dialogues between Continental Semiotics and Linguistic Anthropology
,Im/materialities,,,Semiotic Review,Im/materialities
,Images,,,Semiotic Review,Images
,Monsters,,,Semiotic Review,Monsters
,Ostension,,,Semiotic Review,Onstension
,Parasites,,,Semiotic Review,Parasites
,Place,,,Semiotic Review,Place
,Semiotics of Food-and-Language,,,Semiotic Review,Semiotics of Food-and-Language
,Varia,,,Semiotic Review,Varia
,Vegetal Ontologies,,,Semiotic Review,Vegetal Ontologies
,Anthropology,,,Social Sciences Division,Anthropology
,Committee on International Relations (CIR),,,Social Sciences Division,Committee on International Relations
,Comparative Human Development,,,Social Sciences Division,Comparative Human Development
,Conceptual and Historical Studies of Science,,,Social Sciences Division,Conceptual and Historical Studies of Science
,Critical Race and Ethnic Studies,,,Social Sciences Division,Critical Race and Ethnic Studies
,Education,,,Social Sciences Division,Education
,"Environment, Geography and Urbanization",,,Social Sciences Division,"Environment, Geography and Urbanization"
,Geographical Sciences,,,Social Sciences Division,Geographical Sciences
,History,,,Social Sciences Division,History
,Kenneth C. Griffin Department of Economics,,,Social Sciences Division,Kenneth C. Griffin Department of Economics
,Latin American and Caribbean Studies,,,Social Sciences Division,Latin American and Caribbean Studies
,Political Science,,,Social Sciences Division,Political Science
,Psychology,,,Social Sciences Division,Psychology
,"Quantitative Methods in Social, Behavioral, and Health Sciences",,,Social Sciences Division,"Quantitative Methods in Social, Behavioral, and Health Sciences"
,"Race, Diaspora, and Indigeneity",,,Social Sciences Division,"Race, Diaspora, and Indigeneity"
,Social Thought,,,Social Sciences Division,Social Thought
,Sociology,,,Social Sciences Division,Sociology
,,Speaking of Art,,Speaking of Art,
,The Chicago Black Policy Review Vol. 1,,,The Chicago Black Policy Review,"The Chicago Black Policy Review, Vol. 1 (Spring 2024)"
,The Chicago Black Policy Review Vol. 2,,,The Chicago Black Policy Review,"The Chicago Black Policy Review, Vol. 2 (Spring 2025)"
,Arts & Humanities,,,The College,
,Biological Sciences,,,The College,
,Comparative Race and Ethnic Studies,,,The College,Comparative Race and Ethnic Studies
,Creative Writing Publications,,,The College,Creative Writing
,Creative Writing Theses,,,The College,Creative Writing
,Environmental and Urban Studies,,,The College,Environmental and Urban Studies
,Gender and Sexuality Studies,,,The College,Gender and Sexuality Studies
,Global Studies,,,The College,Global Studies
,"History, Philosophy, and Social Studies of Science and Medicine",,,The College,"History, Philosophy, and Social Studies of Science and Medicine"
,Human Rights,,,The College,Human Rights
,"Law, Letters, and Society",,,The College,"Law, Letters, and Society"
,Physical Sciences,,,The College,
,Russian and Eastern European Studies,,,The College,Russian and Eastern European Studies
,Social Sciences,,,The College,
,Writing Program,,,The College,Writing Program
,Accounting,,Dissertation,UChicago Dissertations,Accounting
,Anthropology,,Dissertation,UChicago Dissertations,Anthropology
,Art History,,Dissertation,UChicago Dissertations,Art History
,Art History Dissertations,,Dissertation,UChicago Dissertations,Art History
,Astronomy and Astrophysics,,Dissertation,UChicago Dissertations,Astronomy and Astrophysics
,Behavioral Science,,Dissertation,UChicago Dissertations,Behavioral Science
,Ben May Department for Cancer Research,,Dissertation,UChicago Dissertations,Ben May Department for Cancer Research
,Biochemistry and Molecular Biology,,Dissertation,UChicago Dissertations,Biochemistry and Molecular Biology
,Biochemistry and Molecular Biophysics,,Dissertation,UChicago Dissertations,Biochemistry and Molecular Biophysics
,Biology,,Dissertation,UChicago Dissertations,Biology
,Biophysical Sciences,,Dissertation,UChicago Dissertations,Biophysical Sciences
,Booth School of Business Dissertations,,Dissertation,UChicago Dissertations,Booth School of Business
,Business,,Dissertation,UChicago Dissertations,Business
,Cancer Biology,,Dissertation,UChicago Dissertations,Cancer Biology
,Cell and Molecular Biology,,Dissertation,UChicago Dissertations,Cell and Molecular Biology
,Chemistry,,Dissertation,UChicago Dissertations,Chemistry
,Cinema and Media Studies,,Dissertation,UChicago Dissertations,Cinema and Media Studies
,Classics,,Dissertation,UChicago Dissertations,Classics
,Comparative Human Development,,Dissertation,UChicago Dissertations,Comparative Human Development
,Comparative Literature,,Dissertation,UChicago Dissertations,Comparative Literature
,Computational and Applied Mathematics,,Dissertation,UChicago Dissertations,Computational and Applied Mathematics
,Computational Neuroscience,,Dissertation,UChicago Dissertations,Computational Neuroscience
,Computer Science,,Dissertation,UChicago Dissertations,Computer Science
,Conceptual and Historical Studies of Science,,Dissertation,UChicago Dissertations,Conceptual and Historical Studies of Science
,"Crown Family School of Social Work, Policy, and Practice Dissertations",,Dissertation,UChicago Dissertations,"Crown Family School of Social Work, Policy, and Practice"
,"Development, Regeneration, and Stem Cell Biology",,Dissertation,UChicago Dissertations,"Development, Regeneration, and Stem Cell Biology"
,Developmental Biology,,Dissertation,UChicago Dissertations,Developmental Biology
,Divinity School Dissertations,,Dissertation,UChicago Dissertations,Divinity School
,East Asian Languages and Civilizations,,Dissertation,UChicago Dissertations,East Asian Languages and Civilizations
,Ecology and Evolution,,Dissertation,UChicago Dissertations,Ecology and Evolution
,Education,,Dissertation,UChicago Dissertations,Education
,English Language and Literature,,Dissertation,UChicago Dissertations,English Language and Literature
,Evolutionary Biology,,Dissertation,UChicago Dissertations,Evolutionary Biology
,Genetics,,Dissertation,UChicago Dissertations,Genetics
,"Genetics, Genomics, and Systems Biology",,Dissertation,UChicago Dissertations,"Genetics, Genomics, and Systems Biology"
,Geophysical Sciences,,Dissertation,UChicago Dissertations,Geophysical Sciences
,Germanic Studies Dissertations,,Dissertation,UChicago Dissertations,Germanic Studies
,Harris School of Public Policy Studies Dissertations,,,UChicago Dissertations,Harris School of Public Policy Studies
,History,,Dissertation,UChicago Dissertations,History
,Human Genetics,,Dissertation,UChicago Dissertations,Human Genetics
,Immunology,,Dissertation,UChicago Dissertations,Immunology
,Integrative Biology,,Dissertation,UChicago Dissertations,Integrative Biology
,Interdisciplinary Scientist Training Program,,Dissertation,UChicago Dissertations,Interdisciplinary Scientist Training Program
,Kenneth C. Griffin Department of Economics,,Dissertation,UChicago Dissertations,Kenneth C. Griffin Department of Economics
,Linguistics,,Dissertation,UChicago Dissertations,Linguistics
,Mathematics,,Dissertation,UChicago Dissertations,Mathematics
,Medical Physics,,Dissertation,UChicago Dissertations,Medical Physics
,Microbiology,,Dissertation,UChicago Dissertations,Microbiology
,Middle Eastern Studies,,Dissertation,UChicago Dissertations,Middle Eastern Studies
,Molecular Genetics and Cell Biology,,Dissertation,UChicago Dissertations,Molecular Genetics and Cell Biology
,Molecular Metabolism and Nutrition,,Dissertation,UChicago Dissertations,Molecular Metabolism and Nutrition
,Music,,Dissertation,UChicago Dissertations,Music
,Near Eastern Languages and Civilizations,,Dissertation,UChicago Dissertations,Near Eastern Languages and Civilizations
,Neurobiology,,Dissertation,UChicago Dissertations,Neurobiology
,New Testament and Early Christian Literature,,Dissertation,UChicago Dissertations,New Testament and Early Christian Literature
,Operations Management,,Dissertation,UChicago Dissertations,Operations Management
,Organismal Biology and Anatomy,,Dissertation,UChicago Dissertations,Organismal Biology and Anatomy
,Pathology,,Dissertation,UChicago Dissertations,Pathology
,Philosophy,,Dissertation,UChicago Dissertations,Philosophy
,Physics,,Dissertation,UChicago Dissertations,Physics
,Political Science,,Dissertation,UChicago Dissertations,Political Science
,Psychology,,Dissertation,UChicago Dissertations,Psychology
,Public Health Sciences,,Dissertation,UChicago Dissertations,Public Health Sciences
,Romance Languages and Literatures,,Dissertation,UChicago Dissertations,Romance Languages and Literatures
,Slavic Languages and Literatures,,Dissertation,UChicago Dissertations,Slavic Languages and Literatures
,Social Thought,,Dissertation,UChicago Dissertations,Social Thought
,Sociology,,Dissertation,UChicago Dissertations,Sociology
,South Asian Languages and Civilizations,,Dissertation,UChicago Dissertations,South Asian Languages and Civilizations
,Statistics,,Dissertation,UChicago Dissertations,Statistics
Harris School of Public Policy Studies,,,Dissertation,UChicago Dissertations,Harris School of Public Policy Studies
Law School,,,Dissertation,UChicago Dissertations,Law School
Pritzker School of Medicine,,,Dissertation,UChicago Dissertations,Pritzker School of Medicine
Pritzker School of Molecular Engineering,,,Dissertation,UChicago Dissertations,Pritzker School of Molecular Engineering
