Community,File Name
Advocates' Forum,UChicagoDefault.jpg
Arts & Humanities Division,DOTAH.png
Biological Sciences Division,BSD.png
Booth School of Business,BOOTH.png
Centers and Institutes,UChicagoDefault.jpg
Chicago Studies,ChicagoStudies.png
Chicago Studies Annual,UChicagoDefault.jpg
Committee on International Relations MA Theses,CIR.png
"Crown Family School of Social Work, Policy, and Practice",CrownSchool.png
Divinity School,DivinitySchool.png
Energy Transitions Oral Histories,UChicagoDefault.jpg
Federal Government Datasets,UChicagoDefault.jpg
Gaming Islam,UChicagoDefault.jpg
Graham School of Continuing Liberal and Professional Studies,GrahamSchool.png
Harris School of Public Policy Studies,HarrisSchool.png
Journal of the Chicago Colloquium on Digital Humanities and Computer Science,UChicagoDefault.jpg
Laboratory Schools,LabSchool.png
Law School,LawSchool.png
Library,Library.png
MA Program in the Social Sciences (MAPSS) Theses,MAPSS.png
Mamlūk Studies Review,MSR.png
Masters in Computational Social Science (MACSS) Theses,MACSS.png
Migration Stories Chapbook Series,UChicagoDefault.jpg
NESAR,UChicagoDefault.jpg
Physical Sciences Division,PSD.png
Pritzker School of Medicine,UChicagoDefault.jpg
Pritzker School of Molecular Engineering,PME.png
Public Policy,UChicagoDefault.jpg
Semiotic Review,SemioticReview.png
Social Sciences Division,SSD.png
Speaking of Art,UChicagoDefault.jpg
The College,TheCollege.png
UChicago Dissertations,UChicagoDefault.jpg
